Datums;Vārdadienas
01.01.;Laimnesis Solvita Solvija Afra Afrodīte Agunda Agurs Januārija Laimstars Soleda Solita Solveta
02.01.;Indulis Ivo Iva Ivis Induls Īva Ivaise Īve Ivija Īvija Ivika Īvis Ivisa Ivs
03.01.;Miervaldis Miervalda Ringolds Ambrozijs Ammonārija Ammunārija Mežvaldis Mieriņš Miermīlis Miernesis Miervalds Ringla Ringo Rinolds
04.01.;Spodra Ilva Ilvita Amina Amīna Amirans Amirs Blāzma Ilveta Ilvis Spodrīte
05.01.;Sīmanis Zintis Amrita Amunds Anarita Saimona Saimons Seimaņs Semions Semjons Simeons Simions Simons Zintauts Zinturs
06.01.;Spulga Arnita Arams Aranta Arfa Arnīda Arnija Arnika
07.01.;Rota Zigmārs Juliāns Digmārs Džulians Julians Jūlians Jūliāns Sigmars Sigmārs Zigmāra Zigmāris Zigmars
08.01.;Gatis Ivanda Ants Aristarhs Aristida Aristīda Aristids Aristīds Aristons Aristrīds Arjana Arlands Arleta Arlēna Arlijs Arlita Gatiņš Īvande Ivanna Ivase Ivena
09.01.;Kaspars Aksels Alta Aksela Akselis Veiko Vello Velonija
10.01.;Tatjana Dorisa Doreta Dorina Dorita Tanisa Tanita Taņa
11.01.;Smaida Franciska Aruns Arūns Francisks Francišeks Franciška Frančeska Frančiska Františeks Smaidiņa Smaidīte Smaidonis Smaidra Smailis
12.01.;Reinis Reina Reinholds Renāts Anisija Aņisija Aņisja Redženalds Redžinalds Reginalds Regnalds Regnolds Reinhards Reino Reinolds Reinvalds Renalda Renalds Renato Renats Renolds Rinats
13.01.;Harijs Ārijs Āris Aira Airika Airiks Airis Āra Arends Ārends Ārens Aress Ariela Ariels Arigo Arijs Ariko Ariks Āriks Aris Ariss Harija Harina Haris Harita Haritina
14.01.;Roberts Roberta Raitis Raits Robērs Robertīne Roberto Robija Robijs Robina Robins
15.01.;Fēlikss Felicita Asola Aspazija Aspāzija Asunta Atēna Feliciana Feliciāna Felicianna Felicians Felicija Felīcija Felicijana Felicijans Felicjana Felikarmena Felikss Felīsija Filicija
16.01.;Lidija Lida Avija Avita Aviva Āvo Gordejs Līda Lideja Lidita
17.01.;Tenis Dravis Denisa Denise Deniss Denīza Denīze Deņiss Dionisijs Dioniss Dionizijs Radions Rodions Trofims
18.01.;Antons Antis Antonijs Acons Antans Antars Antonio Antuans Antuāns Entonijs Ontons Tonijs
19.01.;Andulis Alnis Alna Alnars Alnors Džeida Džellija Džozelīna
20.01.;Oļģerts Orests Aļģirds Aļģis Algarts Algers Algirds Alģirds Alģirts Aļģerts Aļģimants Aļģirts Odisejs Olgerts Oļģerds Orfejs Orīda
21.01.;Agnese Agnija Agne Agna Agnars Agnārs Agnesa Agnesija Agneška Agņeška Urdze Urdziņa
22.01.;Austris Bendžamins Beneventa Benija Benijs Benjamina Benjamins Benjamiņš Benjāmiņš Benno Beno Benoventa Bens
23.01.;Grieta Strauta Rebeka Bazils Bažena Bekija Božena Greisa Greisija Greta Grēta Grietiņa Reveka Straumīte Vasilijs Vasīlijs Vasilika Vasilisa Vasils Virta
24.01.;Krišs Ksenija Eglons Egle Aksenija Eglis Krišus Ksendija Ksēnija
25.01.;Zigurds Sigurds Sigvards Berenika Berils Berita Beruta Boneta Bonija Bonijs Sigorts Sigurts Sigvars Sigvarts Zigo Zigonis Zigurts Zigvards
26.01.;Ansis Agnis Agneta Agnete Agneze Agnēze Agnita Hanss Hanzija Karps Polikarps
27.01.;Ilze Ildze Izolde Ilza Ilzīte Izolda Ilāra Ilards Ilarija Ilārija Ilarijs Ilārijs Ilars Ilārs Illa Illarija Iļža Tristans
28.01.;Kārlis Spodris Bianka Čarita Čārlijs Čārlzs Karels Karlo Karls Karolis Karols
29.01.;Aivars Valērijs Bille Aivalds Aivārs Billijs Bils Valerians Valeriāns Valerijans Valerijāns Valerijs Valerjans Valerjāns Velerjans
30.01.;Tīna Valentīna Pārsla Biminita Binija Binnija Bivšaka Pārsliņa Stīna Stīne Tiāre Tina Tīne Valentija Valentina Valentine Valentīne Vaļa
31.01.;Tekla Violeta Bonaventura Bonaventūra Bonaventūrs Bonoventura Tekle Tikla Tīksma Viorika
01.02.;Brigita Indra Indars Indris Inda Birgita Briāna Bridžeta Bridžita Brikena Brita Britānija
02.02.;Spīdola Sonora Braens Braiens Braijens Brains Randa Randija Randolfs
03.02.;Aīda Ida Vida Aida Aidans Aidars Aidis Alaida Cezarija Cezars Cēzars Īda Ideja Idilija Idra
04.02.;Daila Veronika Dominiks Daile Dome Domenika Domeniks Domija Dominika Domnika Domuse Varenika Varonika Veranika Veronija
05.02.;Agate Selga Silga Sinilga Agafija Agata Agāte Agatons Seldzis Selesta Seleste Silja
06.02.;Dace Dārta Dora Daris Dacija Dacis Dacīte Dadzis Darels Darens Darians Darija Darijs Darina Darīna Dario Dariuss Dariušs Darja Darjus Dastins Dārija Dārijs Dārte Dorateja Dore Dorota Doroteja Dorotija Dorta Dorte
07.02.;Nelda Rihards Ričards Ričmonds Rišards Dikijs Diks Nilda Ričijs Ričs Riho Rikarda Rikardo Rikijs Riks Rišārs
08.02.;Aldona Česlavs Aldone Aldonija Čelsija Čereta Česlava Čezeta Dabris Dafne Dafnis Danko
09.02.;Simona Apolonija Apolinarija Apolinārija Apolinarijs Apolinārijs Apolinars Apolinārs Apolons Debora Dedze Deizija Denora Deriāna Destane Dezija Dēzija Raisa Raisma Raja Simone Simoneta
10.02.;Paulīne Paula Jasmīna Diāra Dida Dijs Dūda Dūja Džasmina Džasmīna Džasmīne Jasmina Jasmīne Paļina Paulamarija Pauleta Paulina Paulīna Pauline Pavlina Pavlīna Pavlīne Polianna Polina Polīna Poļina Sholastika Sholostika Skolastika Skolestika Skolostika Žasmīne
11.02.;Laima Laimdota Fortunata Gerasims Laimiņa Laimīte Laimute
12.02.;Karlīna Līna Džigunda Džilda Džoija Džoisa Džoja Karalina Karalīna Karla Kārla Karlina Karlīne Karlita Karola Karolina Karolīna Karolīne Karulina Kerija Kerijs Kerola Kerolaina Kerolaine Lina Līne Lineta Linija Linita Lins Linus Linuss
13.02.;Malda Melita Džordana Džordans Džordijs Jordans Maldiņa Maldis Maldonis Melitina
14.02.;Valentīns Eberhards Edla Edmans Edmārs Edna Eginhards Egmārs Egnārs Valeks Valentijs Valentins Valents Valtīns
15.02.;Alvils Olafs Aloizs Olavs Alodija Aloida Aloīda Aloiza Aloizija Aloizijs Aloīzijs Aloizis Aloīzs Alvids Olands Olārs Olavi Olevs
16.02.;Jūlija Džuljeta Džuliana Džulianna Džulija Džūlija Jūla Jule Jūle Juliana Juliāna Jūliana Jūliāna Julianija Julianna Jūlianna Julija Julijana Jūlijana Julijanna Julita Juļjana
17.02.;Donats Konstance Danats Donalds Donata Donāta Donāte Donāts Donna Donots Donvina Konstancija Konstantija Konstantina Konstantīna Konstantīne Vaino Veino
18.02.;Kora Kintija Cina Cintija Ciprians Ciprijans Konkordija Korina Kuprijans
19.02.;Zane Zuzanna Efeja Eifrozīne Jefrosinija Jefrosīnija Sjuzanna Sjuzena Susanna Suzana Suzanna Zana Zanita Zanna Zuzana Zuze Zuzona
20.02.;Vitauts Smuidra Smuidris Egberts Egdijs Egerts Egida Egidijs Hulda Smuidrīte Vijtauts Vītauts
21.02.;Eleonora Ariadne Ariadna Arialds Arilds Eleanora Elenora Elianora Elionora Elona Illi Illo Ilo
22.02.;Ārija Rigonda Adrians Adriāna Adrija Adreans Adriana Adrianna Adriāns Adris Areta Aretijs Arets Ariana Ariāna Arianda Ariandra Arianna Arians Arida Arīda Arija Arika Ārika Arimanda Arimands Ārīte Demids Rigonds
23.02.;Haralds Almants Almands Almonds Aralda Aralds Haralda Harolds Herolds Heronija
24.02.;Diāna Dina Dins Deina Deinis Deins Dēna Dens Devins Diana Diandra Dianna Dīna Dinis Dino Dīns Diona Dīva Divja Dīvs
25.02.;Alma Annemarija Almāra Almars Almārs Almīra Andārta Ankatrīna Anlīza Anlīze Anlizeta Anmāra Anmarija Annaklāra Annamarija Annmarija Gunmāra
26.02.;Evelīna Aurēlija Mētra Aurelija Aurelijs Aurēlijs Aurels Elvina Elvīna Elvīne Elvings Elvins Elvīns Evalīna Evandželīna Evelina Eveline Evelīne Zoja
27.02.;Līvija Līva Andra Andre Andrea Andrelita Andreta Andriana Andriāna Andrija Andrijana Andrika Andrita Andromeda Liva Livars Liveta Livija Līvis Livita Līvs
28.02.;Skaidrīte Justs Skaidra Eigits Elārs Elčins Justins Justīns Skaidre Skaila Skaiste
29.02.;–
01.03.;Ivars Ilgvars Elda Eldars Eldijs Elektra Elerts Igvars Ilgvalds Ilgvards Ilgvaris Ilgvārs Ivāra Ivārs
02.03.;Lavīze Luīze Laila Emeralds Emerihs Emeriks Imre Laija Lailita Lovisa Luisa Luise Luiza Luīza Luize
03.03.;Tālis Tālavs Marts Mārts Riglinda Rigmora Rigo
04.03.;Alise Auce Enija Alicija Alīcija Alisa Alīsa Alīse Alisija Alīsija Alisters Alsis Einija Elīsija Ena Enārs Enda Endija Endijs Endo Ene Enīda Enijs Enika Enina Enita Ennata Ennija Enno Ensija Enta Envija Enzo
05.03.;Austra Aurora Aurika Aura Austrīte Aušra Enoks
06.03.;Vents Centis Gotfrīds Censonis Censons Centa Centolla Centonis Godfrīds Godvars Gotards Gothards Gotlība Ventis
07.03.;Ella Elmīra Ellada Ellija Elmira Eļa Eļmira Eridana Eridāna Erīda Erims Erina Erīna Erita Helmīra
08.03.;Dagmāra Marga Margita Dagita Dagmara Dagmars Dagmārs Dagrita Magrita Margo
09.03.;Ēvalds Evalds Ievalds Ivalds Filemona Filgita Filimona Filimonija Filiomena Filomeja Filomena Filumena Fiļimona Pilimona Vilemons
10.03.;Silvija Laimrota Liliāna Laimrita Lilana Lili Liliana Lilianna Lilians Liliāns Lilijana Lilinda Lilioza Liljana Lilli Lilu Tarass Zilvija
11.03.;Konstantīns Agita Abita Agika Agisa Aģis Esams Esēnija Esija Jesēnija Konstantins
12.03.;Aija Aiva Aivis Aivika Aivils Aivo Ajita Ešlija Eta Etele Etelvīne Etere Eteri Etīna Etjēns Etnija
13.03.;Ernests Balvis Baldūrs Erasts Ernijs Ernis Ernsts Eulalija Eulālija Euzebijs Nesters Nestors Nikifors Ņikifors
14.03.;Matilde Ulrika Eventijs Everika Evrika Matilda Tilda Ulrihs Ulriks
15.03.;Amilda Amalda Imalda Fabians Fabiāns Fabijans Fabijāns Ima Imelda Imula Inelda
16.03.;Guntis Guntars Guntris Falks Gaija Guntārs Gunts Gutars
17.03.;Ģertrūde Gerda Gerhards Ferdinands Ferijs Fernands Gerarda Gerards Gerds Gertija Gertruda Gertrūda Gertrude Gertrūde Gerts Ģertruda Ģertrūda Ģertrude Trauta Trautiņa Trūde Trūta Trūte Žerārs
18.03.;Ilona Adelīna Adelaina Adelaine Adelfina Adelina Adeļina Fetna Ilana Ilāna Ilanda Ilanta Ileana Iliana Ilija Ilita Ilonda Ilone Ilonija Ilons
19.03.;Jāzeps Juzefa Džozefs Jāzepa Jazepata Jazeps Jazupata Jezufata Jezupata Jezupate Jezups Jēzups Jozefa Jozefata Jozefina Jozefīna Jozefine Jozefīne Jozefs Jozs Juzefata Juzefate Juzefina Juzefīna Juzefine Juzefs Juzepa Juzepata Juzepate Juzufata Osips Žozefina Žozefs
20.03.;Made Irbe Fraskita Freija Freja Frementijs Fritjofs Madaļa Madrija
21.03.;Una Unigunde Dzelme Benedikts Benedikta Abigaila Abigeila Dementijs Demija Geila Gelārijs Kunegunda Kunigunda Kuno Ūma Ūna Unigunda Unija Unika Ūnika Unita Uno Venedikts
22.03.;Tamāra Dziedra Gabriels Gabriela Ciedra Damars Damārs Damians Damijs Damirs Gabija Gabriēla Gabriele Gabriella Gabriēls Gavrils Gedra Giedra Ģiedra Tamara Tamārs
23.03.;Mirdza Žanete Žanna Džana Džaneta Džanete Džanita Džeina Džena Dženeta Dženete Dženifera Dženita Džesija Džesika Džina Džīna Džineta Džinita Džoanna Janeta Janete Janita Janta Jesija Žana Žaneta Žanija Žanneta
24.03.;Kazimirs Izidors Džeralda Džeraldīne Džeralds Džerijs Garlībs Geraldina Geralds Izida Izīda Kazemirs Kazimerina Kazimiers Kazimira Kazimirina Kazis Kazmerina Kazmers Kazmirina Sidars Sidors Zidra
25.03.;Māra Mārīte Marita Mare Ģedimins Geda Gēda Gedimins Gregors Grigorijs Grigors Ģēda Mara Māre Mareta Māreta Mārieta Marijeta Mārita Marite Marīte Marjeta Mora (LTG: Muora)
26.03.;Eiženija Ženija Dženija Eižēnija Eugenija Eugēnija Euģenija Euģēnija Evgenija Evgēnija Evģenija Evģēnija Gelija Gēlija Gelinta Žene Ženijs
27.03.;Gustavs Gusts Tālrīts Saulis Genefa Generoza Genija Genita Gentra Gerita Gesta Sauļus Tālrids Tālrita Tālrits
28.03.;Gunta Ginta Gunda Gianeja Gina Gineta Ginita Gintija Gonda Gundija Gundis Guntiņa Ģinta Igunda
29.03.;Aldonis Agija Agejs Agijs Aldons Gilberts
30.03.;Nanija Ilgmārs Igmārs Ignars Ilgmars Nana Nanete Nannija Nena
31.03.;Gvido Atvars Atstars Gido Gidons Gvida Gvidālija Gvidis Gvidons Gvineta
01.04.;Dagnis Dagne Dagna Dagnijs Dagnita Gizela Glaima Glauda Gledisa Glenda Glendija Glens Glita Gvenda Innocentijs
02.04.;Irmgarde Gracija Grācija Gracijans Grants Grānts Grasilda Grata Grats Gražina Grizelda Irmgarda Irmtrauta Irmtraute
03.04.;Daira Dairis Daiva Daivis Dairita Grineta Grinete Grita
04.04.;Valda Herta Ārvalda Ārvalds Ārvaldis Arvalda Arvaldis Arvalds Arvaldina
05.04.;Vija Vidaga Aivija Aivijs Vidaija Vide Videga Vīdega Vijars Vijārs
06.04.;Zinta Vīlips Filips Dzinta Dzintis Dzīne Filipina Fīlips
07.04.;Zina Zinaīda Helmuts Elmo Elmonds Elmuts Helmute Helmūts Zena Zenaida Zīna Zinaida Zinaidis Zinaids Zinīda
08.04.;Edgars Danute Dana Dans Adgars Dajana Dane Daneks Daneta Danica Danida Danija Danijs Danika Danīna Danis Danita Danna Danuta Daņuta Denija Denijs Edgards Edgārs
09.04.;Valērija Žubīte Alla Allija Alondra Aļa Matrjona Matrona Valeriana Valerianna Valerija Valerijana Valerina Valerjana
10.04.;Anita Anitra Zīle Annika Anaita Aniceta Anicets Anija Anika Anis Annike Zīlīte
11.04.;Hermanis Vilmārs Ermanis Ērmanis Ermans Ernando Germans Hermans Hermunds Vilmars
12.04.;Jūlijs Ainis Julijans Julijāns Jūlijans Julijs Juliuss Jūliuss Juļjans Juļjāns
13.04.;Egils Egīls Nauris Aigils Naula Neila Neils Noela Noels Nolāns
14.04.;Strauja Gudrīte Engelberts Engelīna Gudmunds Gudruna Sagita Siguta Sigute Zigeta Zigija
15.04.;Aelita Gastons Haida Haide Haideja Hamilkārs Heidija Heilija
16.04.;Mintauts Alfs Bernadeta Alfa Alfejs Alfija Alfijs Bernada Bernade Bernāde Bernadete Bernadita Bernadite Bernadīte Mindaugs Mingaile
17.04.;Rūdolfs Viviāna Rūdis Hardija Hardijs Hārdijs Hardis Harlijs Harvijs Hārvijs Kardijs Rudi Rudiards Rudolfs Viviana Viviena Vivjena
18.04.;Laura Jadviga Jadvīga Jadze Jedviga Laure Laurentīna Laureta Laurita
19.04.;Vēsma Fanija Fani Fannija Fēbe Feja Felonija Fenija Feona Feonija Fionija Flēra Hēlija Helijs Heliodors Helita Helju Hella Hellija Helta Vēsmiņa
20.04.;Mirta Ziedīte Meija Bitīte Flora Floransa Florence Florentija Florentina Florentīna Florentine Florentīne Floriana Florians Floriāns Florija Florijana Florijans Florijs Hendija Henija Henisa Henita Hennija Henno Hiacinta Hionija Jacinta Orhideja Orions
21.04.;Marģers Anastasija Afanasija Afanasijs Anastāsija Anastasijs Anastāsijs Anastazija Anastāzija Anastazijs Anastāzijs Atanazijs Hera Hēra Herenija Herita Marģeris Marģis Nastasija Nastja
22.04.;Armands Armanda Armando Armants Arma Armass Hete Hetija Hevena Hevijs Vadims
23.04.;Jurģis Juris Georgs Jurgita Džordžs Georgijs Irži Ježijs Jirgens Jorgens Jurands Juranta Jureks Jureta Jurijs Jurika Juriks Jurita Jurs Žoržs
24.04.;Visvaldis Nameda Ritvaldis Ritums Honorads Honorata Honoreta Horsts Hortenzija Ortenzija Ortija Ritvalds Visvalda Visvalds Visvaris Visvars
25.04.;Līksma Bārbala Barbala Barbola Borbala (LTG: Buorbala) Borbola (LTG: Buorbola) Borbula (LTG: Buorbula)
26.04.;Alīna Sandris Rūsiņš Aliāna Alina Aline Alīne Alinte Aļina Imars Imārs Imarts Sandars Sanders Sandrino Sandro Sandrs Sandors Šandors
27.04.;Tāle Raimonda Raina Klementīne Ingolfs Inolds Klemans Klemens Klemenss Klementijs Klementina Klementīna Klementine Klementīns Klements Klimans Klimentijs Klimentina Klimentīna Raima Raimija Raimona Rimona Rimonda Tāla
28.04.;Gundega Terēze Inrigo Teresa Terēsa Terese Terēse Teresija Terēsija Tereza Terēza Tereze Terezeja Terezija Terēzija Termija
29.04.;Vilnis Raimonds Laine Irta Iruta Irute Laina Laineta Lainis Leina Leino Raimis Raimo Raimons Raimunds Reimo Reimonds Rimonds Rimons
30.04.;Lilija Liāna Altairs Dālija Daļa Elta Eltons Isma Itallo Italo Itālo Lia Liana Lianda Lianta Līlija Lilja Lillija
01.05.;Ziedonis Izanda Izaura Jalmars Jūtvaldis Kuzma Ziednese Ziedons Ziedvalda
02.05.;Zigmunds Sigmunds Zigismunds Jaroslava Jaroslavs Jeroslavs Jurate Jurāte Jūrāte Jūris Sigismunds Sigizmunds Sigunds Zigis Zigizmunds Zigmans Zigmants Zigmonds Zigmonts Zigmunda Zigmunts
03.05.;Gints Uvis Gintis Ģints Jella Jermolajs Juvents Juvita
04.05.;Vizbulīte Viola Vijolīte Kaido Violanda Violanta Violenta Vizbule Vizbulis
05.05.;Ģirts Ģederts Kaliksts Kalins Keisija Keits Omars Omārs Otars Otārs Rahmats Raksana Rašids
06.05.;Gaidis Didzis Dereks Didrihs Didriķis Didžus Dīters Gaidonis Gaidvars
07.05.;Henriete Henrijs Jete Enriko Anriete Domicela Domicele Domicelija Domicella Donicela Ennrike Enrija Enrijs Enrika Enriketa Enriks Genrieta Henrieta Henrija Henrita Jeta
08.05.;Staņislavs Staņislava Stefānija Kasandra Stanislava Stanislavs Stase Stasija Stasis Stasja Stass Stefa Stefaneja Stefanida Stefanīda Stefanija Stefi Steisija Stepanida Stepanīda Stepanija Stepānija
09.05.;Klāvs Einārs Ervīns Eina Einards Einars Einarts Einis Eino Ervids Ervijs Ervils Ervīna Ervins Ervis Ervita Glafira Glafīra Kevins Klaidis Klaids Klāss Timiāna Timo Timofejs Timotejs Tims
10.05.;Maija Paija Keila Keitlīna Kelija Kelina Kellija Kenets Kestutis Ketlina Ketlīna Ķestutis Ķēstutis Meja
11.05.;Milda Karmena Manfreds Karmene Kilikeja Kima Kimberlija Kims Manfrēds Mildreda
12.05.;Valija Ināra Ina Inārs Anāra Anars Anārs Īna Inaida Inara Inārija Inārijs Inars Inarta Inarts Inatra Inija Inna Innara Ino Valijs Vallija
13.05.;Irēna Irīna Ira Iraīda Airina Airīna Arina Arīna Arins Arīns Arions Eirana Īra Iraida Iraidis Iranda Irena Irene Irēne Irenejs Irenijs Irēnijs Irija Īrija Irina Irinejs Ironijs
14.05.;Krišjānis Elfa Aivita Elvita Elfija Kristjans Kristjānis Krišjāns
15.05.;Sofija Taiga Airita Arita Airīte Airlenda Airtons Gļebs Safija Sofja Sonāte Sonija Sonita Soņa Volga Zofija Zosja
16.05.;Edvīns Edijs Edija Ediks Edis Edvija Edvijs Edvīna Edvīne Edvins Kleofa Kleopatra Kleotilda Klodija Klods Klotilde
17.05.;Herberts Dailis Umberts Dailonis Dailons Deila Deils Deja Erberts Erhards Koleta Uma
18.05.;Inese Inesis Ēriks Erihs Ērihs Eriks Ero Ēro Ignese Inesa Inesīte Konsuela Konsuella Kreigs
19.05.;Lita Sibilla Teika Ksaverija Ksavērija Ksaverijs Ksavērijs Ksavers
20.05.;Venta Salvis Selva Fadejs Lada Ladislavs Laira Lala Salvija Salvijs Salvo Selvijs Selvins Selvis Solvis Tadeušs
21.05.;Ernestīne Ingmārs Akvelīna Akilina Akulina Akuļina Akvelina Akvilina Akvilīna Avelina Avelīna Erneste Ernestina Ernestīna Ernestine Ingemāra Ingemars Ingemārs Ingmāra Ingmars Ingomars Inmārs
22.05.;Emīlija. Visu neparasto un kalendāros neierakstīto vārdu diena Ahmads Ahmeds Airats Ali Alija Džamila Emileja Emiliana Emilija Emilijana Emīlja Emiljana Farhads Farida Farids Fatima Fatina Fatma Gaidars Gulnara Guļnara Horens Indira Indīra Ismails Kālebs Karima Karims Mehribana Murads Muslims Osmars
23.05.;Leontīne Leokādija Lonija Ligija Leokadija Leontija Leontijs Leontina Leontīna Leontine Leontins Leontīns Levantīna Līgija Ligindra Lone Lonita Lonnija Lontīne Ļoņa
24.05.;Ilvija Marlēna Ziedone Kurbads Kurbats Marlena Marlens Ziedonija
25.05.;Anšlavs Junora Andzelms Anselms Anzelma Anzelms Juna Jūnija Jūnijs Junita Junona Junta Krīvs
26.05.;Edvards Edvarts Eduards Varis Eduarda Eduārds Eduars Edvarda Edvārts Eidis Ezers Ezra Tailers Tedijs Tedis Teilors Varaidotis Varaidots Varimands Varimants Varita Varīte Varonis
27.05.;Dzidra Gunita Loreta Dzidris Aglikerija Dzidrīte Glikerija Guneta Gunitra Laurēna Liora Lora Lorands Loransa Loreina Lorena Lorēna Lorens Lorensa Lorenss Lorenta Lorete Lorija Lorijs Lorika Lorina Lorīna Lorita
28.05.;Vilis Vilhelms Langina Lengina Leongina Leongīna Leongīne Leongins Leongīns Logina Longina Longīna Longins Longīns Vilārs Vilberts Vilens Vilhelmins Vilhelmīns Vilijs Viljams Ville Villems Villijs Viļa Viļums Viļus
29.05.;Maksis Maksims Raivis Raivo Lakija Lara Largija Larija Larijs Larina Larions Laris Maksimilians Maksimiliāns Maksimiljans Makss Raiva Raivita
30.05.;Vitolds Lolita Letīcija Jevdokija Lalita Lea Leāna Leāra Leida Leila Leticija Levijs Levita Logita Lola Lolija Lollija Vitolda Vitols Vītols
31.05.;Alīda Jūsma Alida Alide Alīde Alidija Alīdija Alis Amīda Elīda Faina Jūsmiņš Lendija Petronela Petronele Petronelija Petronella Petronellija Petroneļa Petrunela Petrunele Petrunelija Petruneļa
01.06.;Biruta Mairita Bernedīne Bernadina Bernadīne Birute Leolita Liāra Liards Mairīta Mairīte Mairuta Nikodems Nikodēms Nikodims
02.06.;Lība Emma Eimija Ema Emija Emilda Emima Emīna Emme Emmija Liberata Liberijs Liona Lioneta Lionija
03.06.;Inta Ineta Intra Inete Inneta Inota Lipija Lira Līrija
04.06.;Elfrīda Sintija Sindija Cera Cerība Ceronis Cerons Elfrīde Elfrīds Sinda Sindijs Sindra Sinita Sinta Sinti Sintijs Taive Taivo Toivo Zinda Zindra Zinija
05.06.;Igors Margots Ingvars Argija Argils Argita Argo Argods Argons Argots Argunda Arguts Bonifacija Bonifācija Bonifacijs Bonifācijs Bonifatijs Bonifātijs Bonifats Inguards Ingvards Ingvilda Ingvilds Igars Jegors Margonis Margons Margota Margote Marguss Marguta Marguts
06.06.;Ingrīda Ardis Ardijs Ards Ingra Ingre Ingreta Ingrida Ingrita Kandida Kendija Kendisa Loida
07.06.;Gaida Arnis Arno Arne Arnela Arnijs Arons Ārons Gaidīte Loveta Luana Luāna Luāra Lueta Lugra Lukrecija Lukrēcija
08.06.;Frīdis Frīda Mundra Frida Fridberts Fridis Munda Mundis Mundris Mundrīte Salamons Salimona Salimonija Salimons Salome Salomeja Salomija Salomons Solomeja Solomija Solomonija Solomons Solumeja Šalome Zalamans Zālamans Zalamons
09.06.;Ligita Gita Gitana Gitāna Gitija Gits Ļeda Ļudgarda
10.06.;Malva Anatols Anatolijs Anata Anatolija Mafalda Mazalda
11.06.;Ingus Mairis Vidvuds Engus Inguss Mairolds Mairs Makrina Mamerts Videvuds Videvuts Vidis Vido Vidulis Vidvars Veidvedis Vidvuts
12.06.;Nora Lenora Ija Īģe Manda Norgita Norika Noriņa Noris Norīte Norītis Norvalda Nurja
13.06.;Zigfrīds Ainārs Uva Aināra Ainards Ainars Ūva Uve Ūve Zigfrids
14.06.;Tija Saiva Sentis Santis Saivis Saiga Saigits Saija Saila Sailensa Sailita Saira Sairis Sairita Sairuss Santijs Santo Santoss
15.06.;Baņuta Žermēna Vilija Vits Maranda Maranta Marats Marenda Moda Modesta Modests Modis Ratmirs Vila Vilenta Vilita Vilja Viljanta Villija Vitis Vito Vitus Žermena
16.06.;Justīne Juta Džastina Džastīne Džastins Justa Justina Justīna Justine Justīnija Marsela Marseljēza Marsella Marsels Ustinija Ustiņja
17.06.;Artūrs Artis Arčijs Ārčijs Arčils Arsenijs Arsēnijs Arsens Arsēns Arsentijs Artijs Artiks Arts Arturs Artuss Mečeslavs Mečislava Mečislavs Palmira Palmīra Paloma Pamela
18.06.;Alberts Madis Adalberta Adalberts Alberta Edelberts Edilberts Merseda Mersēda Mersedesa Mervils
19.06.;Viktors Nils Mila Mīla Milana Milāna Milānija Milans Milāns Mīle Milena Milēna Milēnija Milona Milvards Milvars Milvija Napoleons Nila Nilija Nīls Nilss Niluta Vikijs Viktorijs Vitors
20.06.;Rasma Rasa Maira Maila Maima Maina Mairina Mimoza Molija Mollija Morēna Morgane Rasita Rasmīte Rasulīte
21.06.;Emīls Egita Monvīds Ahto Egīna Egīns Egits Emilians Emilijans Emīlijs Emilis Emīlis Emiljans Emils Jemeļjans Monrita Monvida Monvids
22.06.;Ludmila Laimdots Laimiņš Bogdana Bogdans Bogumila Laimdotis Ludmilla Lūlija
23.06.;Līga Līgonis Līgotnis
24.06.;Jānis Joņs (LTG: Juoņs)
25.06.;Milija Maiga Maida Maigone Mia Mija Milica Milita Mille Millija
26.06.;Ausma Inguna Ingūna Inguns Ausmis Ingunda Ingūns Ingura Ingūra Ingurds Ingurs Inguta Muza Mūza Naidžels
27.06.;Malvīne Malvis Jelisejs Jeļisejs Malvina Malvīna Malvine Naila Naina Naira Nansija Naomi Nensija
28.06.;Viesturs Kitija Viestards Klitija Narcise Narciss Narciza Nargisa Nargiza Vestards Viestars Viestarts Viesturis Vieturs
29.06.;Pēteris Pāvils Pauls Paulis Narajana Nareks Narija Nārija Narimans Narimants Narine Narinē Pavels Pāvels Pavils Pāvuls Peta Pēters Petra Petro Petrs Piters Pīters Pits Pjotrs Pola Pols Povils Povuls (LTG: Puovuls)
30.06.;Tālivaldis Mareks Letija Mareka Mereks Savelijs Savēlijs Tālivalda Tālivalds Tālvaldis
01.07.;Imants Rimants Ingars Intars Ingārs Ingera Ingēra Ingerts Intārs Nataniels Natans Nātans Nazarijs Rimands Rimanta
02.07.;Lauma Ilvars Halina Galina Gaļina Halīna Ilvārs Ilvers Laumīte Nāra Necija Neda
03.07.;Benita Everita Verita Emerita Emets Benigna Benilda Benito Emarita Emerenciana Emerencija Emerencijana Emerenta Emerentiana Emerentina Emerentīne Emertijana Emīra Emirita Enerita Gorijs Gurijs
04.07.;Ulvis Uldis Sandis Sandijs Nērika Neringa Nida Nigra Sando Sandus Sanduss Sendijs Uldriķis Ulfs Ulvars Ulvija Ulvita
05.07.;Andžs Andžejs Edīte Esmeralda Anžijs Edita Edīta Edite Endžija Esmeralde
06.07.;Anrijs Arkādijs Agripina Agripīna Anrī Anris Anriss Anrita Arkādija Ēsa Haldons Haldors Heldurs Niāra Niceta
07.07.;Alda Maruta Aldija Aldīna Māruta Marute Nija Nijole Niola
08.07.;Antra Adele Ada Adaļa Adela Adelaida Adelaīda Adelaide Adelgunde Adelheida Adelheide Adelija Adēlija Adelions Adeljans Adeļa Adeļjons Adija Adis Antris Fevronija Nimmija Nimue Nira Nīra Nita
09.07.;Zaiga Asne Asna Kirils Kirills Nominanda Nona Nonna Zaigonis
10.07.;Lija Olīvija Olivers Odrija Olijs Oliva Olīva Olivija Olvija Olvita Samsons
11.07.;Leonora Svens Lennijs Lenvija Leonorija Svenis Taila Taimira Taunis
12.07.;Indriķis Ints Namejs Indreks Indriks Intis Nameisis Omula Oniks Oniksa
13.07.;Margrieta Margarita Magrieta Malgožata Margareta Margarēta Margarieta Margieta Margreta Margrēta Margrita Marģieta Mārģieta Pegija
14.07.;Oskars Ritvars Anvars Orlando Ornella Ornets Oskarina Oskarīna
15.07.;Egons Egmonts Egija Henriks Heinrihs Ega Egijs Egmonds Egmonta Ego Genrihs Heincs Heindrihs Heinis Heino Heinriks Hektors Hendrihs Hendriks Henrihs Henrika
16.07.;Hermīne Estere Liepa Aleftina Aleftīna Aleftīne Aleta Alevtina Alevtīna Alevtine Alevtīne Esfira Estera Ēstere Estra Estris Herma Hermina Hermīna Hermine Hervita Ostins Rainelda Rainelde
17.07.;Aleksis Aleksejs Alekss Aleks Alika Aliks Aļika Aļiks Pijs Pius
18.07.;Rozālija Roze Rosa Rosita Rosvita Roza Rozaleja Rozalija Rozalinda Rozemarija Rozita Rozīte Rozmarija Rozvita
19.07.;Jautrīte Kamila Digna Sāra Digne Dignija Jautra Jautris Kamēlija Kamena Kamilija Kamīlija Kamilla Kamils Kamita Pireta Sallija Sallijs Sarika Sarita Seila Sella Sellija Zallija Zara Zāra Zarina
20.07.;Ritma Ramona Platons Plūdonis Rada Radimins Ramons Ramuna Ramune Ramute Ritmars Ritmārs Rusanda Ruzanna Ruze
21.07.;Meldra Meldris Melisa Potencija Pudencija Pudentija
22.07.;Marija Marika Marina Mareja Mariama Marī Mariamija Marīna Marja Marjama Mārika Miriama Mirjama Mirjāma Mirjana
23.07.;Magda Magone Mērija Magdalēna Madelaina Madeleina Madlena Madlēna Magdalena Magdaliene Magdalina Magita Meralda Meri Merīda Merija Merilina Merita Radislavs Radmila Radomirs
24.07.;Kristīne Kristīna Krista Kristiāna Kristiāns Hristiāna Kersti Kerstina Kriste Kristela Kristena Kristiana Kristiāne Kristianna Kristians Kristija Kristijana Kristijans Kristijāns Kristilla Kristina Kristine Ķersta Ķērsta
25.07.;Jēkabs Žaklīna Džeims Džeimss Džeks Džema Džemma Džems Džemss Džims Jaceks Jakobīna Jakobs Jākobs Jakovs Jakubs Jākubs Kaupo Žaklina Žaklīne Žaks
26.07.;Anna Ance Annija Ana Anabella Ancis Annabella Anne Annele Annelija Anniņa Aņa Aņeļa Aņuta Ona Oneta
27.07.;Marta Dita Dite Mārta Martijana Martina Martīna Radu Radvilis Radvils Raēle
28.07.;Cecīlija Cilda Cecilija Celerina Celina Celīna Cicilija Cildis Cildonis Cilija Cilina Cilmija Cilnija Rafaela Rafaels Rafaēls Rafails Rafiks
29.07.;Edmunds Edžus Vidmants Asmunds Ausmunds Edmonda Edmonds Edmons Edmonts Edmunts Raens Raida Raiders Raido Raiena Raiens Raigards Raigo Raija Rajens Vidmands Vidmunds
30.07.;Valters Renārs Regnārs Ragnars Ragnārs Ragnēda Rāgners Ragnija Regnars Reinards Reinars Reinārs Reiners Renards Renars Renarts Rinards Rinārs Rintars Valteris Valtra Valtraude Valtrauta Valtraute
31.07.;Rūta Ruta Angelika Sigita Andžela Andželika Andželīna Andželita Andžella Andželo Anga Angarijs Angela Angelija Angēlika Angelina Angelīna Angelita Angeļa Anģelina Anģelīna Anhelita Anžela Anželika Anželina Anželita Anžella Rute Rūte Rūtiņa Sigeta Sigija Sigits
01.08.;Albīns Albīna Alba Albina Albine Albīne Albinsa Rameka Ramērs Ramils Ramina Ramīna Ramiro
02.08.;Normunds Stefans Eliana Elians Eliass Eliašs Elija Ēlija Elijass Elijašs Elijs Eliots Elis Eljašs Holgers Iljana Iļana Iļja Iļjana Noa Norlands Norma Normands Normans Normanta Normants Normens Normuds Normunda Stefāns Stepans Stepons Stīvens
03.08.;Augusts Anufrijs Augustins Augustīns Ogists Oktavians Oktavija Oktāvija Onufrija Onufrijs Onupris
04.08.;Romāns Romualds Romualda Roma Romalda Romalds Romanda Romands Romanija Romānija Romans Romants Romass Romeks Romena Romēna Romēns Romeo Rometa Romija Romis Roms Romulds Romvalda Romvalds
05.08.;Osvalds Arvils Arvīns Osvaldis Rasmuss Rauza Ravena Ravita Salma Salme
06.08.;Askolds Aisma Aista Asma Reds Reičela Reičele Remberts Skots
07.08.;Alfrēds Madars Fredis Alfra Alfreds Alfrida Alfrīda Alfrids Alfrīds Alimpiada Alva Alvaro Alvars Fredijs Freds Olimpiada Olimpija Rema Remigijs Remijs Remirs Remo Rems
08.08.;Mudīte Vladislavs Vladislava Midīte Mudijs Mudiņš Mudis Renda Rendija Rendijs Renē Renno Reno Rens Reons Vlada Vladeks
09.08.;Madara Genoveva Genovefa Anfija Anfisa Genovaite Genoveja Genovera Genuvefa Geņa Gunavefa Ģenovefa Madare Sava
10.08.;Brencis Audris Inuta Audra Auda Audars Aude Brenda Brendons Breta Brets Brina Brinda Labrencis Lars Larss Laurentijs Lavrentijs
11.08.;Olga Zita Liega Zigita Alesja Aļesja Olesija Olesja Olgita Olmars Olrita Oļesija Oļesja Oļesje
12.08.;Vizma Klāra Klara Klēra Reta Rets Revita Revs Vizulis
13.08.;Elvīra Velga Rēzija Elvira Elvīrs Hipolits Ilvīra Ipolits Rezēda Rezenda Rezija
14.08.;Zelma Zemgus Virma Rianda Riandra Rids Rieta Selma Zelmars Zemlita Zemvaldis Zemvalds
15.08.;Zenta Dzelde Zelda Dzeja Dzestra Rima Rimars Rimma Rimvalda Rinvalda Zelga Zenita
16.08.;Astra Astrīda Asterija Astērija Astērijs Astrida Astride Astrīde Astrids Astrīds Astrīte Rinta Rio Riona Rivo
17.08.;Vineta Oļegs Rjuriks Roalds Roans Ruriks Veneta Venita Venjamina Veņa Vinete Vinets Vinita
18.08.;Liene Helēna Elena Ellena Liena Aļona Elana Elāna Elands Elans Elāns Elēna Elens Ellana Helena Helene Helēne Hellēna Jeļena Lena Lēna Lenija Lenijs Lenita Lienīte Ļena
19.08.;Melānija Imanta Imanda Imandra Malānija Māle Malgonija Malinda Malle Meisija Melanija Melija Melika Melina Melinda Melisandra Melizanda Melizande Melodija Rodžers Roēna Rogate
20.08.;Bernhards Boriss Rojs Bernads Bernarda Bernarde Bernardina Bernardīna Bernards Bernārs Bernats Borislavs Rokijs Roko Roksana Roksolana Samuela Samuels Samuēls Samvels Zahars Zamuels Zāmuels Zāmuēls
21.08.;Janīna Linda Janina Jaņina Jaņīna Linde Lindija Lindons Linna Linsija Romāra Romina Romunds Romuss Romuta
22.08.;Rudīte Everts Evans Evarists Evars Evarts Rode Rodijs Ruda
23.08.;Vitālijs Ralfs Valgudis Ralda Raldis Rolfs Rolijs Rolita Valgundis Vitalija Vitālija Vitalijs Vitalina Vitalis Vitālis Vitalisa Vitaliss Vitāls Vitars
24.08.;Bērtulis Boļeslavs Bartolomejs Bārtuļs Bertolds Bertrams Bierants Boļeslava Rorijs Rosma Rostislavs Varfolomejs Varlams
25.08.;Ludvigs Ludis Ivonna Patrīcija Patriks Ivona Ivonda Ivonija Ludolfs Lūdolfs Ludovika Ludoviks Ludviga Ludvika Ludviks Ludviķis Ludvisa Ludvise Ludvisija Luijs Luiss Ļudvise Patricija Patricijs Patrisija
26.08.;Natālija Tālija Broņislavs Broņislava Aglaja Bronija Bronis Bronislava Bronislavs Broņa Nata Nataleja Natalī Natalija Natalja Nataļja Nate Natela Natella Neta Talija Talita Tihons
27.08.;Žanis Jorens Alens Alana Alans Alēns Allans Allens Alons Džo Džonatans Džonijs Džonis Džons Huans Ivans Janeks Janis Janošs Jans Jāns Janušs Joans Johans Johanness Jonass Jonatans Jonatāns Jonijs Jons Jorēns Juhans Žanno Žano Žans Žuans
28.08.;Auguste Guste Augusta Augustina Augustīna Augustīne Gusta Rovena Rovēna Rovens Ruāna
29.08.;Armīns Vismants Aiga Aigija Aigijs Aigis Aigita Aigo Aigula Armanis Armans Armāns Armens Armida Armīda Armīds Armilda Armins Armis Rubens Rūbens Rūbija Rubīna Rufina Visija Viskants Visma Vismands
30.08.;Alvis Jolanta Samanta Alvija Alvijs Alvika Alvita Alvits Jalanta Jolanda Jolands Jolants Jolita Ruslana Ruslands Ruslans Ruslāns
31.08.;Vilma Aigars Aigvars Saksija Valida Valīda Valisa Valita Vallida Valma
01.09.;Ilmārs Iluta Austrums Hilmars Hilmārs Ilmāra Ilmars Salda
02.09.;Elīza Lizete Zete Elisa Elīsa Elise Eliss Elīss Eliza Elize Elizete Elīze Lisete Lizabete Lizbete Līzbete Lizelote Lizeta Sančo Savina Savīna Savita Zeta Zetiņa
03.09.;Berta Bella Aribella Beilija Belēna Belinda Berts Sangrita Sangvids Sanlija Sedriks Senefra Serafima Serafims Serafina Seranta
04.09.;Dzintra Dzintara Dzintars Ambera Ambere Dimants Dzintāra Dzintārija Dzintārs Dzintris Gintars Gintārs Gintauts Ģintars Zintars Zintra
05.09.;Klaudija Persijs Vaida Klavdija Pērs Vaidelotis Vaidis
06.09.;Maigonis Magnuss Mariuss Magnolija Magnus Maigons Marjus Maro
07.09.;Regīna Ermīns Erma Ermina Ermīna Ermine Ermīne Ermionija Ermonija Luna Regija Regina Regīns Regita Rego Reģina Reģīna Sēlija Selēna Selina Selīna Selīne Selinga Selita Senora Serena Serīna Serlana Sinora
08.09.;Ilga Ilgards Ilgars Ilgārs Ilgarts Ilgnese Sianda Siandra Sianta Siāra
09.09.;Bruno Telma Bronhilda Brunhilda Brunhilde Brunis Brunita Brunons Brūss Sidija Sidnejs Sidnija Sidnijs Sidonija Sidžija Teldijs Telesfors Zidija Zidonija
10.09.;Jausma Albertīne Albertina Albertīna Albertine Sigma Sijanda Zigma
11.09.;Signe Signija Siglinda Siglinde Signa Signeja Signejana Signese Signeta Signijs Signis Signita Zigna Zigne
12.09.;Erna Evita Eva Ernita Ēva Eve Evelinda Evelita Evi Evī Ēvī Evianna Evīna Silards Sinatra
13.09.;Iza Izabella Genadijs Genādijs Gennadijs Gennādijs Isabela Izabela Īzaks Singa Singita Singrita Singūna Singurs
14.09.;Sanita Santa Sanda Sanija Sandija Marfa Sana Sandita Saneta Sanijs Sanna Sannija Santana Santija Senda Sendija Sendlija Senija
15.09.;Sandra Gunvaldis Gunvaris Sondra Gunivaldis Gunivalds Gunvalds Gunvars Sandriāna Sandrīte Santra Sendra Sondars Sondris Zandra
16.09.;Asja Asnate Dāgs Anfims Asija Asnāte Dags Domna Sirdsvalda Sirdsvaldis Sirdvalda
17.09.;Vera Vaira Vairis Vaiva Aila Ailands Ailenda Aili Ailija Ailita Ajla Sīrija Sīringa Sirje Sirke Sivija Vaila Vaileta Vairita Vairīte Vaironis Vairons Vaivars Vēra Verena Verēna Verija Virēna
18.09.;Liesma Elita Alita Elite Eralds Mefodijs Metodijs Skara Skarleta Skārleta Skaudris
19.09.;Verners Muntis Munise Sorenta Spārīte Spartaks Spēkonis Vernis Vernons Veronis
20.09.;Guntra Ginters Marianna Mariana Marians Mariela Marijana Marijanna Marijans Maritana Marjana Marjanna Marjans Staldzis
21.09.;Modris Matīss Mariss Marijs Mārijs Mario Mariona Marisa Mateass Matejs Mateo Mateuss Mateušs Matiass Matija Matis Matvejs Maurīcijs Metjū Modriņš
22.09.;Māris Mārica Maigurs Maris Morics Moriss Steinārs Stenlijs
23.09.;Vanda Veneranda Venija Snorre Vandze Vaneranda Vanesa Vanese Venefrīda Venera Venēra Venerande Veners Venīna Veniranda
24.09.;Agris Agrita Agrits Agrons Steidzīte Steiga
25.09.;Rodrigo Rauls Raulis Sulamite Sulamīte Svanhilda
26.09.;Gundars Kurts Knuts Gundaris Gundolfs Gundra Nikita Ņikita Šeila Šeilija Šeina Šelbija Šelda Šellija Šerona
27.09.;Ādolfs Ilgonis Ado Adolfina Ādolfina Adolfīne Ādolfīne Adonija Adonis Adoniss Delfija Delfina Delfīna Delfīne Ilgons Širleja Širlija
28.09.;Sergejs Svetlana Lana Lāna Sergo Seržs Sveta Svetoslavs Svjatoslavs Vaclava Vaclavs Večella Večeslavs Večislavs Venceslavs Vencislava Vencislavs Venčeslavs Vinca Vinceslavs Vincis Vincs Vjačeslavs
29.09.;Miķelis Mikus Miks Mihails Jumis Maikls Maiks Migels Mihaela Mihaels Mihailina Mihalina Mihalīna Mihaļina Mikaela Mikaels Mikalina Mikēle Mikija Mikijs Mikuss Miķēlis Mišela Mišels
30.09.;Elma Menarda Elna Elmija Elmīna Elmīne Elnara Elnāra Elneta Elnurs Geronima Geronims Geronīms Heronima Heronims Heronīms Hieronīms Jeronims Jeronīms Ļubova Medards Medarts Medeja Meinards Meinhards Mena Mendija Meredita
01.10.;Zanda Lāsma Zandis Lāse Lasma Lāsmiņa
02.10.;Ilma Skaidris Hilma Ilme Ilmija Ilna Terijs Tesa Tilla Tillija Tils
03.10.;Elza Ilizana Ilizane Tira Tits Tobijs
04.10.;Modra Francis Dmitrijs Dimārs Dimitrijs Ditmārs Ferencs Francs Franeks Franks Fransuāza Franuse Fraņcs Frenks Frensisa Prans Tora Toralfs Torija Torolfs Tors Torvalds Tūrs Tūve
05.10.;Amālija Amēlija Amelija Amelita Rostams Rustams Rusudana Saida Saids Samija Samira Samīra Samīrs Semija Sevda Tagils Tahirs Tahmina Timurs Ulams Vagifs Vahtangs Zemfira Zemira Zemīra
06.10.;Monika Zilgma Zilga Mona Monija Monna Treisija Treviss Zilgars Zilgme
07.10.;Daumants Druvvaldis Augmants Daumands Druvaldis Druvalds Druvinalds Druvvalds Druvars Tullija Turaida Turaids Tusnelda
08.10.;Aina Anete Ainita Aino Ane Aneka Anela Anēle Anelija Anēlija Aneļa Anēļa Anese Aneta Anneta Annete Udo
09.10.;Elga Helga Elgars Elgasts Elgita Elgons Helge Helgi Helgrīda
10.10.;Arvīds Arvis Druvis Arvedo Arveds Arvēds Arvida Arvīda Arvīde Arvids Arvita Arvo Druvārs
11.10.;Monta Tince Silva Haritons Hartvigs Monda Montija Montis Monts Silmonta Silvana Silvars Silvers Silveta Silvita Siļva Zilva
12.10.;Valfrīds Kira Cirēnija Valfreds Valfrēds Valfrīda Valfrids
13.10.;Irma Mirga Irmants Irme Irmina Irmīna Irmīne Irmiņa Mira Mirabella Miralda Miranda Miroslava Miroslavs
14.10.;Vilhelmīne Minna Mīce Mina Minadora Mindora Vilhelma Vilhelmina Vilhelmīna Vilhelmine
15.10.;Eda Hedviga Helvijs Ede Edīna Edviga Heda Hedija Hedijs Hedvigs Helvi Helvigs Helvija Helvis Helvita
16.10.;Daiga Dinija Dinārs Daido Daidze Daiens Daigars Daigone Daigonis Daija Dilans Dinara Dināra Dinards Dinars Dineta Dinijs Dinnija
17.10.;Gaits Karīna Gaitis Gaita Karena Kārena Karens Karija Kārija Karina Kārina Karine Karinē Karīne Karita Kerena
18.10.;Rolands Rolanda Ronalds Erlends Lūkass Erlanda Erlands Erlenda Erlens Luka Lukass Railands Railija Railijs Rolande Rolando Rolans Rolāns Rolanta Rona Ronalda Ronaldo Ronans Ronda Ronijs Ronja Ronta Ronvalds
19.10.;Elīna Drosma Drosmis Drosme Drosmiņš Drošvaldis Drošvaris Elika Elina Elīne Elīns
20.10.;Leonīds Leonīda Leonida Leonide Leonids Leonita Pelageja
21.10.;Urzula Severīns Severīna Severins Severjans Taida Taīda Taisa Taisija Taīsija Ursula Uršula Uršule Uršuļa
22.10.;Īrisa Irīda Airisa Airida Arisa Iraisa Iresa Irida Irisa
23.10.;Daina Dainis Dainida Daimona Daimonds Daimons Dainars Dainārs Dainarts Dainita Dainīte Dainors Deimonds Deimons Jevlampija
24.10.;Renāte Modrīte Mudrīte Mudra Mudris Rana Ranāte Raneta Ranita Ranta Rena Rēna Renata Renāta Renate Reneta Renija Renijs Renita Renta Rineta Rinete
25.10.;Beāte Beatrise Beata Beāta Beate Beatrisa Biatrise Gilarijs Hilards Hilarija Hilarijs Hilārijs Hilars Hilārs
26.10.;Amanda Kaiva Amanta Amandis Amands Amantija Amaranda Amaranta Amarilla Amenta Araminta Azanda Azella Kaivis
27.10.;Lilita Irita Ita Itars Itārs Itija Itvars Lillita Praskovja Proskovja
28.10.;Ņina Ninona Antoņina Oksana Aksana Antonina Antonīna Nina Nīna Ninele Ninella Nineta Niseta Niveta Ņīna Oksāna
29.10.;Laimonis Elvijs Elva Elvis Laimis Elvars Elvi Elviga Elvigs Elvija Elvisa Elviss Elvo Laimonds Laimons Laimonts Laimutis Laimzieds
30.10.;Nadīna Ulla Adīna Adina Adīne Eila Nadežda Nadija Nadina Nadīne Ulda Uldive Uldze Ulita Uljana Uljans Ullija Uļjana Uļjans
31.10.;Valts Rinalds Rinalda Rainis Rainita Rainolds Rina Rīna Rinaldo Rinalts Vaits Valta Valtis
01.11.;Ikars Ihtiandrs Ikola Ildefons Ildra Iraklijs Tautmīlis Tautvaldis Tautvaris Ungars
02.11.;Vivita Dzīle Viva Dzilvars Venda Vendeta Vendija Vendijs Vivanta Vivanto Viveja Viveta Vivija Vivina
03.11.;Ērika Dagnija Era Ēra Erena Erēna Erika Hovards Huberts Hūberts Valeska Valve
04.11.;Atis Otomārs Oto Ata Otis Otomars Vega Vegita
05.11.;Šarlote Lote Late Lato Lota Šadija Šarlīze Šarlota Veidols Veikla Veiksma Veimārs
06.11.;Linards Leons Leo Leonards Leonarda Lenards Lenārs Lenarts Leona Leonāra Leonardo Leonarija Leonārija Leonars Leonārs Leone Leonella Leonhards Leonija Leonila Leonilla Linarda Linārs Linarts Linerts Lonards Lonarts Ļevs
07.11.;Helma Lotārs Pērle Helmī Helmija Helmīna Helmīne Lotars Vena Vēna Venancijs Venantijs Veno
08.11.;Aleksandra Agra Agreda Agrida Agrīda Agrija Agrīna Agrite Agrīte Aleksa Aleksandrija Aleksandrina Aleksandrīna Aleksandrīne
09.11.;Teodors Fedors Fedots Feodora Feodors Feodosija Fjodors Tea Teo Teobalds Teodora Teofila Teofīla Teofile Teofilija Teofīlija Teofils Teona Teovils
10.11.;Mārtiņš Mārcis Markuss Marks Marcela Marcelina Marcella Marciana Marcianna Marcijana Marcijanna Marcis Marčela Marčija Marko Markss Markus Martens Martins Martiņš Mortens
11.11.;Ojārs Rainers Nellija Lāčplēsis Nele Nelija Nelima Nelita Nella Neļa Neonila Neonilla Rainars Reimars Reimārs
12.11.;Kaija Kornēlija Kaira Kajs Kajsa Kornelija Kornelijs Kornēlijs Kortnija Veta Vianda Viāna Vianita Vianta Vidards Vidars Vidarts Vidavs Zinovija Zinovijs
13.11.;Eižens Jevgeņijs Jevgeņija Augenija Eiženijs Eugene Eugenijs Eugēnijs Eugeņs Euģenijs Euģēnijs Evgenijs Evgēnijs Evģenijs Evģēnijs Jevgenija Jevgēnija Jevgenijs Jevgēnijs Jevgēņija Jevgēņijs Jevģenija Jevģēnija Jevģenijs Jevģēnijs Jevženija Jevžēnija
14.11.;Fricis Vikentijs Vincents Frederika Frederiks Fredriks Friderika Frideriks Fridriha Fridrihs Frīdrihs  Spricis Vicenta Vicents Vikars Vincens Vincenta Vincentijs Vincentina Vincentīna Vincentīne Vinsents
15.11.;Leopolds Undīne Unda Leopoldina Undalgs Undija Undina Undīna Undis Undita
16.11.;Banga Glorija Ganda Jefimija Jefims Landa Landijs Vētra
17.11.;Hugo Uga Uģis Higo Igo Ugne Ugo
18.11.;Aleksandrs Doloresa Brīve Aleksanders Aleksandris Alesandrs Brīva Brīvīte Dolita Dollija Laisve Latvis Latvīte Zandars Zanders
19.11.;Elizabete Liza Līze Betija Alžbeta Beta Betsija Beverīna Eba Elizabeta Elīzabeta Elīzabete Elizaveta Elizavete Elizbete Elzabeta Elžbeta Jelizabeta Jelizaveta Jelizavete Jeļizabeta Jeļizaveta Jeļizavete Lisa Lisija Līza Lize Līziņa
20.11.;Anda Andīna Vigo Andija Andina Andīne Nanda Viga Vīga Vīgants Vigars Vigda Vigelijs Vigeta Vigija Vigilija Vigilijs Vigita Vīgo Viģīlija
21.11.;Zeltīte Andis Andars Andejs Andijs Ando Vigors Vigorts Vigra Vigurds Vilfrida Vilfrīds Vilibalds Viliberts Zelta Zeltiņa Zlata
22.11.;Aldis Alfons Aldris Aldijs Aldra Alfins Alfonija Alfonss Vilonija Vilora
23.11.;Zigrīda Zigfrīda Zigrīds Sigrīda Sigrija Sigruna Sigrūna Sigurnija Ziga Zigda Zigfrida Zigra Zigrida Zigrids Zigrita Zigvija
24.11.;Velta Velda Velards Veldra Velita Velte Veltija Vīna Vinārs Viners Vīne
25.11.;Katrīna Kate Kadrija Trīne Katrīne Jekaterina Jekaterīna Kadija Katalīna Katarina Katarīna Katažina Katerina Katerīna Katija Katiņa Katra Katre Katri Katrina Katrine Katriona Kecija Keita Keitija Keitlina Keta Kēta Kete Kēte Ketija Ketri Ketrija Ketrina Ketrīna Trīna
26.11.;Konrāds Sebastians Kondrats Kondrāts Konors Konrads Konrands Konrāts Manefa Sebastjans Vingra
27.11.;Lauris Norberts Laurijs Nords Vinifreda Vinifreds Vinija Vinnija Vinolds Vinona
28.11.;Rita Vita Olita Olija Olina Olis Ollija Ritija Vinta Vintars Vintārs Vintra Vints Vitija
29.11.;Ignats Virgīnija Aimo Ignatijs Ignātijs Ignāts Vergenija Virdžīnija Virga Virgenija Virgilijs Virgina Virgīna Virgine Virgīne Virginija Virginijs Virģinija Virģīnija
30.11.;Andrievs Andrejs Andris Anders Anderss Andrāšs Andreass Andrejans Andrējs Andress Andrians Andriāns Andrijans Andrijs Andrivs Androns Andrs Andruss Endrijs Endrū
01.12.;Arnolds Emanuels Arnotijs Arnulfs Emanuela Emanuēla Emanuils Emmanuels Imanuels Immanuels Manuela Manuēla Noldis
02.12.;Meta Sniedze Mēta Mets Snežana Snežanna Sniedzīte Sniga Sņežana Sņežanna Voicehs Voiceks Voicihs Voiciks Voičiks Voitiks
03.12.;Evija Raita Jogita Ako Akims Džovita Ēvija Evijs Evika Evisa Ēvisa Jakims Joahims Joakims Jovars Jovita Jugita Jukums Volfgangs Volfreds Volfrids Volfrīds Volfs
04.12.;Baiba Barbara Barba Varvara Vsevolods Vudis Vudro
05.12.;Sabīne Sarma Klaudijs Sabina Sabīna Sabine Sabrina Sabrīna Sabrīne Sarme Zabīne Zanga Zanza
06.12.;Nikolajs Niklāvs Niks Nikola Meikols Meikuls Meikuļs Nika Nikandrs Nikija Nikijs Niklass Niklauss Niklāss Niklavs Niko Nikolass Nikole Nikoleta Nikolīna Nikolla Ņika
07.12.;Antonija Anta Dzirkstīte Antainna Antija Antonela Antonida Antonīda Antuaneta Antuanete Tone Tonija Tonita Toņa Zbigņevs Zdeneks
08.12.;Gunārs Vladimirs Gunis Gināra Ginārs Gunāra Gunards Gunars Gunarts Gunijs Gunnars Guno Vladilena Vladilens Vladimira Vladis Vladlena Vladlēna Vladlens Vlads
09.12.;Tabita Sarmīte Sārtīte Tabite Zenobija Zenona Zenons
10.12.;Guna Judīte Džudīte Gunefa Nevils Zēra
11.12.;Voldemārs Valdemārs Valdis Valdeko Valdeks Valdemars Valdimārts Valdimirs Valdmiers Valdona Valdone Valdonis Valdons Valds Vaļds Vivaldis Voldemars Voldis Voldmārs Volmārs Vulmārs
12.12.;Otīlija Iveta Atala Atāls Igeta Igila Igita Iverta Iverts Ivete Odeta Odita Ofēlija Otālija Otilija Zezostrs
13.12.;Lūcija Veldze Luceja Lucianna Lucians Luciāns Lucija Lucijana Lucijans Lucijāns Lusiāna Lusija Lūsija Ļusja Veldza
14.12.;Auseklis Gaisma Gaismīte Gaismone Gaismonis Gaismons Illuminata
15.12.;Johanna Hanna Jana Hanelita Hanija Hannelora Hannelore Hannija Jāna Janeka Janija Janika Janna Joana Joanna Johana Jonita Juanna Junna Žuanete
16.12.;Alvīne Alvina Alvīna Alvine Alvīnija Alvins Alvīns Zira Zola Zolija
17.12.;Hilda Teiksma Borghilde Borģīne Dziesma Hildegarde Hildura Hilga Hilja Ilda Ildars
18.12.;Kristaps Kristofers Krists Klinta Kristers Klints Kriss Kristafors Kristans Kristars Kristens Kristo Kristofors Kristofs Kšištofs
19.12.;Lelde Sarmis Alena Alēna Alereins Lelda Tots
20.12.;Arta Minjona Artemida Artemijs Artemīda Artēmijs Artija Artjoms Vitnija
21.12.;Toms Tomass Saulcerīte Saulceris Saulgaida Saulgaitis Tomašs Tomāšs Tomijs Tumašs
22.12.;Saulvedis Saule Saulīte Saulstarīte Saulstars Saulvija
23.12.;Viktorija Balva Vika Vikija Viktora Viktorina
24.12.;Ādams Ieva Ieviņa Odums
25.12.;Stella Larisa Estella Zvaigznīte
26.12.;Dainuvīte Gija Megija Dainavīte Gijs Mega Megana
27.12.;Elmārs Inita Helmārs Elmāra Elmars Helmars Initra
28.12.;Inga Ivita Irvita Ingeborga Inge Ingerūda Ingeta Ingita Ingo Irvalds Irvings Irvins Irvīns
29.12.;Solveiga Ilgona Invalds Invars Inveiga Solanža Solvega Solvēga
30.12.;Dāvids Dāvis Dāniels Daniela Daniels Daniēla Dāniela Daniella Daniēls Daniils Danils Daņiils Daņila Daņils Dato Davids Dāvīds Dāvs Deivids Deivija Deivijs Deivis Deivs Deniels Dēvids Dēvija Dēvijs
31.12.;Silvestrs Silvis Kalvis Kalve Silvesters Silvestra Silvestris
